{"cameraMode":{"drawMode":0,"name":"Shaded","section":"Shading Mode"},"sceneLighting":true,"audioPlay":false,"sceneViewState":{"showFog":true,"showMaterialUpdate":false,"showSkybox":true,"showFlares":true,"showImageEffects":true,"showParticleSystems":true},"in2DMode":false,"pivot":{"x":-4.245993614196777,"y":-1.2837038040161133,"z":-12.866459846496582},"rotation":{"x":0.12114899605512619,"y":-0.5810737013816834,"z":0.08800176531076431,"w":0.7999798655509949},"size":5.7726216316223148,"orthographic":true}